"GU","R1","R2","R3","R4","concentration"
31803.925207729986,3315.5295647007933,0.0,0.0,0.0,1882.3818717616728
