"GU","R1","R2","R3","R4","concentration"
660.7844987640001,143.5884462167983,104.19856323528379,38.95987226841259,6.013801451788064,414.012054420273
