"GU","R1","R2","R3","R4","concentration"
498.50872960999993,326.71972870246725,0.0,0.0,0.0,335.25739089612523
